<?xml version="1.0" encoding="UTF-8"?>
<!DOCTYPE xml>
<Configuration status="WARN" monitorInterval="30">    
    <Appenders>
        <Console name="ConsoleAppender" target="SYSTEM_OUT" follow="true">
            <PatternLayout pattern="%d{HH:mm:ss.SSS} [%t] %-5level %logger{36} - %msg%n"/>
        </Console>
        
		<RollingFile name="FileAppender" fileName="logs/${date:yyyy-MM-dd}.log" 
		filePattern="logs/%d{yyyy-MM-dd}-%i.log">
		    <PatternLayout>
		        <Pattern>%d{HH:mm:ss.SSS} [%t] %-5level %logger{36} - %msg%n</Pattern>
		    </PatternLayout>
		    
		    <Policies>
		        <TimeBasedTriggeringPolicy interval="1" />
		    </Policies>
		    
		    <DefaultRolloverStrategy max="31"/>
		</RollingFile>
    </Appenders>
    
    <Loggers>
    	<Logger name="console.logger" level="info" additivity="false">
            <AppenderRef ref="ConsoleAppender" />
        </Logger>
        
        <Logger name="file.logger" level="error" additivity="false">
            <AppenderRef ref="FileAppender" />
        </Logger>

        <Root level="info">
            <AppenderRef ref="ConsoleAppender" />
            <AppenderRef ref="FileAppender" />
        </Root>
    </Loggers>
</Configuration>